Comentario,Sentimiento
"Me encanta usar las chismofilias, ahora estoy al día con todo lo que pasa en el vecindario.",Positivo
"Es increíble, escucho cosas que nunca imaginé. Muy útil para conocer más sobre los vecinos.",Positivo
"La calidad del audio es sorprendente, puedo escuchar todo con claridad. ¡Gran producto!",Positivo
"La batería dura mucho tiempo, lo uso todo el día sin problemas. Excelente compra.",Positivo
"No puedo creer que exista algo así, es como tener superpoderes para chismosear.",Positivo
"El diseño es muy discreto, nadie sospecha que estoy escuchando. Totalmente recomendado.",Positivo
"El alcance es limitado, no puedo escuchar lo que pasa en la casa de al lado.",Negativo
"Es muy caro para lo que ofrece, esperaba más funciones por el precio.",Negativo
A veces se desconecta y pierdo lo que estaban diciendo. Muy frustrante.,Negativo
"No cumple con las expectativas, el sonido es malo y no se escucha bien lo que pasa.",Negativo
"Pésimo producto, no entiendo por qué tiene tanta fama. Perdí mi dinero.",Negativo
"Las chismofilias son adictivas, no puedo dejar de usarlas. ¡Me encanta!",Positivo
"Un producto que me ha hecho más feliz, ahora sé todo lo que pasa a mi alrededor.",Positivo
"No es tan bueno como lo pintan, se siente barato y no funciona como debería.",Negativo
"Me gusta mucho, es una forma divertida de pasar el tiempo y enterarme de todo.",Positivo
